"143742","216","47271","4","2","wattana",NULL,NULL,NULL,NULL,NULL,"utc+07:00",NULL,NULL,"10110"
"143743","216","47271","4","2","yannawa",NULL,NULL,NULL,NULL,NULL,"utc+07:00",NULL,NULL,"10120"
"143744","216","47271","4","2","thawi wattana",NULL,NULL,NULL,NULL,NULL,"utc+07:00",NULL,NULL,"10170"
"143745","216","47271","4","2","pom prap sattru phai",NULL,NULL,NULL,NULL,NULL,"utc+07:00",NULL,NULL,"10100"
"143746","216","47271","4","2","samphanthawong",NULL,NULL,NULL,NULL,NULL,"utc+07:00",NULL,NULL,"10100"
"143747","216","47271","4","2","bang kholame",NULL,NULL,NULL,NULL,NULL,"utc+07:00",NULL,NULL,"10120"
"143748","216","47271","4","2","thung khru",NULL,NULL,NULL,NULL,NULL,"utc+07:00",NULL,NULL,"10140"
"143749","216","47271","4","2","rat burana",NULL,NULL,NULL,NULL,NULL,"utc+07:00",NULL,NULL,"10140"
"143750","216","47271","4","2","bang bon",NULL,NULL,NULL,NULL,NULL,"utc+07:00",NULL,NULL,"10150"
"143751","216","47271","4","2","bang khun thian",NULL,NULL,NULL,NULL,NULL,"utc+07:00",NULL,NULL,"10150"
"143752","216","47271","4","2","bang khae",NULL,NULL,NULL,NULL,NULL,"utc+07:00",NULL,NULL,"10160"
"143753","216","47271","4","2","phasi charoen",NULL,NULL,NULL,NULL,NULL,"utc+07:00",NULL,NULL,"10160"
"143754","216","47271","4","2","nong khaem",NULL,NULL,NULL,NULL,NULL,"utc+07:00",NULL,NULL,"10160"
"143755","216","47271","4","2","taling chan",NULL,NULL,NULL,NULL,NULL,"utc+07:00",NULL,NULL,"10170"
"143756","216","47271","4","2","phra nakhon",NULL,NULL,NULL,NULL,NULL,"utc+07:00",NULL,NULL,"10200"
"143757","216","47271","4","2","lak si",NULL,NULL,NULL,NULL,NULL,"utc+07:00",NULL,NULL,"10210"
"143758","216","47271","4","2","bang khen",NULL,NULL,NULL,NULL,NULL,"utc+07:00",NULL,NULL,"10220"
"143759","216","47271","4","2","sai mai",NULL,NULL,NULL,NULL,NULL,"utc+07:00",NULL,NULL,"10220"
"143760","216","47271","4","2","lat phrao",NULL,NULL,NULL,NULL,NULL,"utc+07:00",NULL,NULL,"10230"
"143761","216","47271","4","2","khanna yao",NULL,NULL,NULL,NULL,NULL,"utc+07:00",NULL,NULL,"10230"
"143762","216","47271","4","2","saphan sung b39",NULL,NULL,NULL,NULL,NULL,"utc+07:00",NULL,NULL,"10240"
"143763","216","47271","4","2","bung kum",NULL,NULL,NULL,NULL,NULL,"utc+07:00",NULL,NULL,"10240"
"143764","216","47271","4","2","suang luang",NULL,NULL,NULL,NULL,NULL,"utc+07:00",NULL,NULL,"10250"
"143765","216","47271","4","2","pra vet",NULL,NULL,NULL,NULL,NULL,"utc+07:00",NULL,NULL,"10250"
"143766","216","47271","4","2","phra khanong",NULL,NULL,NULL,NULL,NULL,"utc+07:00",NULL,NULL,"10260"
"143767","216","47271","4","2","dusit",NULL,NULL,NULL,NULL,NULL,"utc+07:00",NULL,NULL,"10300"
"143768","216","47271","4","2","wangthong lang",NULL,NULL,NULL,NULL,NULL,"utc+07:00",NULL,NULL,"10310"
"143769","216","47271","4","2","huai khwang",NULL,NULL,NULL,NULL,NULL,"utc+07:00",NULL,NULL,"10320"
"143770","216","47271","4","2","pahtum wan",NULL,NULL,NULL,NULL,NULL,"utc+07:00",NULL,NULL,"10330"
"143771","216","47271","4","2","ding daeng",NULL,NULL,NULL,NULL,NULL,"utc+07:00",NULL,NULL,"10400"
"143772","216","47271","4","2","bang rak",NULL,NULL,NULL,NULL,NULL,"utc+07:00",NULL,NULL,"10500"
"143773","216","47271","4","2","khlong samwa",NULL,NULL,NULL,NULL,NULL,"utc+07:00",NULL,NULL,"10510"
"143774","216","47271","4","2","min buri",NULL,NULL,NULL,NULL,NULL,"utc+07:00",NULL,NULL,"10510"
"143775","216","47271","4","2","lat krabang",NULL,NULL,NULL,NULL,NULL,"utc+07:00",NULL,NULL,"10520"
"143776","216","47271","4","2","nong chok",NULL,NULL,NULL,NULL,NULL,"utc+07:00",NULL,NULL,"10530"
"143777","216","47271","4","2","bangkok yai",NULL,NULL,NULL,NULL,NULL,"utc+07:00",NULL,NULL,"10600"
"143778","216","47271","4","2","thon buri",NULL,NULL,NULL,NULL,NULL,"utc+07:00",NULL,NULL,"10600"
"143779","216","47271","4","2","khlong san",NULL,NULL,NULL,NULL,NULL,"utc+07:00",NULL,NULL,"10600"
"143780","216","47271","4","2","bangkok noi",NULL,NULL,NULL,NULL,NULL,"utc+07:00",NULL,NULL,"10700"
"143781","216","47271","4","2","bang plat",NULL,NULL,NULL,NULL,NULL,"utc+07:00",NULL,NULL,"10700"
"143782","216","47271","4","2","bang su",NULL,NULL,NULL,NULL,NULL,"utc+07:00",NULL,NULL,"10800"
"143783","216","47271","4","2","bang kapi",NULL,NULL,NULL,NULL,NULL,"utc+07:00",NULL,NULL,"10240"
"143784","216","47271","4","2","bang na",NULL,NULL,NULL,NULL,NULL,"utc+07:00",NULL,NULL,"10260"
"143785","216","47271","4","2","phaya thai",NULL,NULL,NULL,NULL,NULL,"utc+07:00",NULL,NULL,"10400"
"143786","216","55817","4","2","bang saotong",NULL,NULL,NULL,NULL,NULL,"utc+07:00",NULL,NULL,"10540"
"143787","216","55817","4","2","phra pradaeng",NULL,NULL,NULL,NULL,NULL,"utc+07:00",NULL,NULL,"10130"
"143788","216","55817","4","2","muang samut prakan",NULL,NULL,NULL,NULL,NULL,"utc+07:00",NULL,NULL,"10270"
"143789","216","55817","4","2","phra samut chedi",NULL,NULL,NULL,NULL,NULL,"utc+07:00",NULL,NULL,"10290"
"143790","216","55817","4","2","bang phli",NULL,NULL,NULL,NULL,NULL,"utc+07:00",NULL,NULL,"10540"
"143791","216","55817","4","2","bang bo",NULL,NULL,NULL,NULL,NULL,"utc+07:00",NULL,NULL,"10560"
"143792","216","55381","4","2","muang nonthaburi",NULL,NULL,NULL,NULL,NULL,"utc+07:00",NULL,NULL,"11000"
"143793","216","55381","4","2","bang bua thong",NULL,NULL,NULL,NULL,NULL,"utc+07:00",NULL,NULL,"11110"
"143794","216","55381","4","2","pak kret",NULL,NULL,NULL,NULL,NULL,"utc+07:00",NULL,NULL,"11120"
"143795","216","55381","4","2","bang kruai",NULL,NULL,NULL,NULL,NULL,"utc+07:00",NULL,NULL,"11130"
"143796","216","55381","4","2","bang yai",NULL,NULL,NULL,NULL,NULL,"utc+07:00",NULL,NULL,"11140"
"143797","216","55381","4","2","sai noi",NULL,NULL,NULL,NULL,NULL,"utc+07:00",NULL,NULL,"11150"
"143798","216","55611","4","2","muang pathum thani",NULL,NULL,NULL,NULL,NULL,"utc+07:00",NULL,NULL,"12000"
"143799","216","55611","4","2","thanyaburi",NULL,NULL,NULL,NULL,NULL,"utc+07:00",NULL,NULL,"12110"
"143800","216","55611","4","2","lat lum kaeo",NULL,NULL,NULL,NULL,NULL,"utc+07:00",NULL,NULL,"12140"
"143801","216","55611","4","2","lam luk ka",NULL,NULL,NULL,NULL,NULL,"utc+07:00",NULL,NULL,"12150"
"143802","216","55611","4","2","sam khok",NULL,NULL,NULL,NULL,NULL,"utc+07:00",NULL,NULL,"12160"
"143803","216","55611","4","2","nong sua",NULL,NULL,NULL,NULL,NULL,"utc+07:00",NULL,NULL,"12170"
"143804","216","55611","4","2","khlong luang",NULL,NULL,NULL,NULL,NULL,"utc+07:00",NULL,NULL,"12120"
"143805","216","46712","4","2","muang ang thong",NULL,NULL,NULL,NULL,NULL,"utc+07:00",NULL,NULL,"14000"
"143806","216","46712","4","2","wiset chai chan",NULL,NULL,NULL,NULL,NULL,"utc+07:00",NULL,NULL,"14110"
"143807","216","46712","4","2","pho thong",NULL,NULL,NULL,NULL,NULL,"utc+07:00",NULL,NULL,"14120"
"143808","216","46712","4","2","pa mok",NULL,NULL,NULL,NULL,NULL,"utc+07:00",NULL,NULL,"14130"
"143809","216","46712","4","2","chaiyo",NULL,NULL,NULL,NULL,NULL,"utc+07:00",NULL,NULL,"14140"
"143810","216","46712","4","2","sawaengha",NULL,NULL,NULL,NULL,NULL,"utc+07:00",NULL,NULL,"14150"
"143811","216","46712","4","2","samko",NULL,NULL,NULL,NULL,NULL,"utc+07:00",NULL,NULL,"14160"
"143812","216","55380","4","2","chaloem phakiat",NULL,NULL,NULL,NULL,NULL,"utc+07:00",NULL,NULL,"18000"
"143813","216","55380","4","2","muang saraburi",NULL,NULL,NULL,NULL,NULL,"utc+07:00",NULL,NULL,"18000"
"143814","216","55380","4","2","kaeng khoi",NULL,NULL,NULL,NULL,NULL,"utc+07:00",NULL,NULL,"18110"
"143815","216","55380","4","2","phra phutthabat",NULL,NULL,NULL,NULL,NULL,"utc+07:00",NULL,NULL,"18120"
"143816","216","55380","4","2","ban mo",NULL,NULL,NULL,NULL,NULL,"utc+07:00",NULL,NULL,"18130"
"143817","216","55380","4","2","nong khae",NULL,NULL,NULL,NULL,NULL,"utc+07:00",NULL,NULL,"18140"
"143818","216","55380","4","2","wihan daeng",NULL,NULL,NULL,NULL,NULL,"utc+07:00",NULL,NULL,"18150"
"143819","216","55380","4","2","sao hai",NULL,NULL,NULL,NULL,NULL,"utc+07:00",NULL,NULL,"18160"
"143820","216","55380","4","2","nong saeng",NULL,NULL,NULL,NULL,NULL,"utc+07:00",NULL,NULL,"18170"
"143821","216","55380","4","2","muak lek",NULL,NULL,NULL,NULL,NULL,"utc+07:00",NULL,NULL,"18180"
"143822","216","55380","4","2","nong doan",NULL,NULL,NULL,NULL,NULL,"utc+07:00",NULL,NULL,"18190"
"143823","216","55380","4","2","wang muang",NULL,NULL,NULL,NULL,NULL,"utc+07:00",NULL,NULL,"18220"
"143824","216","55380","4","2","don phut",NULL,NULL,NULL,NULL,NULL,"utc+07:00",NULL,NULL,"18210"
"143825","216","56249","4","2","klaeng",NULL,NULL,NULL,NULL,NULL,"utc+07:00",NULL,NULL,"21110"
"143826","216","56249","4","2","muang rayong",NULL,NULL,NULL,NULL,NULL,"utc+07:00",NULL,NULL,"21000"
"143827","216","56249","4","2","khao chamao",NULL,NULL,NULL,NULL,NULL,"utc+07:00",NULL,NULL,"21110"
"143828","216","56249","4","2","ban khai",NULL,NULL,NULL,NULL,NULL,"utc+07:00",NULL,NULL,"21120"
"143829","216","56249","4","2","ban chang",NULL,NULL,NULL,NULL,NULL,"utc+07:00",NULL,NULL,"21130"
"143830","216","56249","4","2","pluak daeng",NULL,NULL,NULL,NULL,NULL,"utc+07:00",NULL,NULL,"21140"
"143831","216","56249","4","2","nikhom pattana",NULL,NULL,NULL,NULL,NULL,"utc+07:00",NULL,NULL,"21180"
"143832","216","56249","4","2","wang chan",NULL,NULL,NULL,NULL,NULL,"utc+07:00",NULL,NULL,"21210"
"143833","216","48414","4","2","muang chanthaburi",NULL,NULL,NULL,NULL,NULL,"utc+07:00",NULL,NULL,"22000"
"143834","216","48414","4","2","khlung",NULL,NULL,NULL,NULL,NULL,"utc+07:00",NULL,NULL,"22110"
"143835","216","48414","4","2","laem sing",NULL,NULL,NULL,NULL,NULL,"utc+07:00",NULL,NULL,"22130"
"143836","216","48414","4","2","pong nam ron",NULL,NULL,NULL,NULL,NULL,"utc+07:00",NULL,NULL,"22140"
"143837","216","48414","4","2","makham",NULL,NULL,NULL,NULL,NULL,"utc+07:00",NULL,NULL,"22150"
"143838","216","48414","4","2","kaeng hang maew",NULL,NULL,NULL,NULL,NULL,"utc+07:00",NULL,NULL,"22160"
"143839","216","48414","4","2","soi dao",NULL,NULL,NULL,NULL,NULL,"utc+07:00",NULL,NULL,"22180"
"143840","216","48414","4","2","khao kitchakut",NULL,NULL,NULL,NULL,NULL,"utc+07:00",NULL,NULL,"22210"
"143841","216","48414","4","2","tha mai",NULL,NULL,NULL,NULL,NULL,"utc+07:00",NULL,NULL,"22120"
"143842","216","48414","4","2","na yai am",NULL,NULL,NULL,NULL,NULL,"utc+07:00",NULL,NULL,"22160"
"143843","216","56250","4","2","muang trat",NULL,NULL,NULL,NULL,NULL,"utc+07:00",NULL,NULL,"23000"
"143844","216","56250","4","2","ko kud",NULL,NULL,NULL,NULL,NULL,"utc+07:00",NULL,NULL,"23000"
"143845","216","56250","4","2","khlong yai",NULL,NULL,NULL,NULL,NULL,"utc+07:00",NULL,NULL,"23110"
"143846","216","56250","4","2","laem ngob",NULL,NULL,NULL,NULL,NULL,"utc+07:00",NULL,NULL,"23120"
"143847","216","56250","4","2","ko chang",NULL,NULL,NULL,NULL,NULL,"utc+07:00",NULL,NULL,"23120"
"143848","216","56250","4","2","khao saming",NULL,NULL,NULL,NULL,NULL,"utc+07:00",NULL,NULL,"23130"
"143849","216","56250","4","2","bo rai",NULL,NULL,NULL,NULL,NULL,"utc+07:00",NULL,NULL,"23140"
"143850","216","47761","4","2","rachsan",NULL,NULL,NULL,NULL,NULL,"utc+07:00",NULL,NULL,"24120"
"143851","216","47761","4","2","muang chachoengsao",NULL,NULL,NULL,NULL,NULL,"utc+07:00",NULL,NULL,"24000"
"143852","216","47761","4","2","ta takiab",NULL,NULL,NULL,NULL,NULL,"utc+07:00",NULL,NULL,"24160"
"143853","216","47761","4","2","khlong kaen",NULL,NULL,NULL,NULL,NULL,"utc+07:00",NULL,NULL,"24000"
"143854","216","47761","4","2","bang khla",NULL,NULL,NULL,NULL,NULL,"utc+07:00",NULL,NULL,"24110"
"143855","216","47761","4","2","phanom sarakham",NULL,NULL,NULL,NULL,NULL,"utc+07:00",NULL,NULL,"24120"
"143856","216","47761","4","2","bang pakong",NULL,NULL,NULL,NULL,NULL,"utc+07:00",NULL,NULL,"24130"
"143857","216","47761","4","2","ban pho",NULL,NULL,NULL,NULL,NULL,"utc+07:00",NULL,NULL,"24140"
"143858","216","47761","4","2","bang nam prieo",NULL,NULL,NULL,NULL,NULL,"utc+07:00",NULL,NULL,"24150"
"143859","216","47761","4","2","paeng yao",NULL,NULL,NULL,NULL,NULL,"utc+07:00",NULL,NULL,"24190"
"143860","216","47761","4","2","sanam chai khet",NULL,NULL,NULL,NULL,NULL,"utc+07:00",NULL,NULL,"24160"
"143861","216","55818","4","2","muang nakhon nayok",NULL,NULL,NULL,NULL,NULL,"utc+07:00",NULL,NULL,"26000"
"143862","216","55818","4","2","ban na",NULL,NULL,NULL,NULL,NULL,"utc+07:00",NULL,NULL,"26110"
"143863","216","55818","4","2","ongkarak",NULL,NULL,NULL,NULL,NULL,"utc+07:00",NULL,NULL,"26120"
"143864","216","55818","4","2","pak phli",NULL,NULL,NULL,NULL,NULL,"utc+07:00",NULL,NULL,"26130"
"143865","216","59095","4","2","khao chakhun",NULL,NULL,NULL,NULL,NULL,"utc+07:00",NULL,NULL,"27000"
"143866","216","59095","4","2","muang sa kaeo",NULL,NULL,NULL,NULL,NULL,"utc+07:00",NULL,NULL,"27000"
"143867","216","59095","4","2","aranyaprathet",NULL,NULL,NULL,NULL,NULL,"utc+07:00",NULL,NULL,"27120"
"143868","216","59095","4","2","khok sung",NULL,NULL,NULL,NULL,NULL,"utc+07:00",NULL,NULL,"27120"
"143869","216","59095","4","2","wang nam yen",NULL,NULL,NULL,NULL,NULL,"utc+07:00",NULL,NULL,"27120"
"143870","216","59095","4","2","wattana nakhon",NULL,NULL,NULL,NULL,NULL,"utc+07:00",NULL,NULL,"27160"
"143871","216","59095","4","2","wang sombun",NULL,NULL,NULL,NULL,NULL,"utc+07:00",NULL,NULL,"27250"
"143872","216","59095","4","2","khlong hat",NULL,NULL,NULL,NULL,NULL,"utc+07:00",NULL,NULL,"27260"
"143873","216","59095","4","2","ta phraya",NULL,NULL,NULL,NULL,NULL,"utc+07:00",NULL,NULL,"27180"
"143874","216","54310","4","2","bua yai",NULL,NULL,NULL,NULL,NULL,"utc+07:00",NULL,NULL,"30120"
"143875","216","54310","4","2","cheleam phakiat",NULL,NULL,NULL,NULL,NULL,"utc+07:00",NULL,NULL,"30230"
"143876","216","54310","4","2","pak chong",NULL,NULL,NULL,NULL,NULL,"utc+07:00",NULL,NULL,"30130"
"143877","216","54310","4","2","muang nakhon ratchasima",NULL,NULL,NULL,NULL,NULL,"utc+07:00",NULL,NULL,"30000"
"143878","216","54310","4","2","phimai",NULL,NULL,NULL,NULL,NULL,"utc+07:00",NULL,NULL,"30110"
"143879","216","54310","4","2","bua lai",NULL,NULL,NULL,NULL,NULL,"utc+07:00",NULL,NULL,"30120"
"143880","216","54310","4","2","sikhiu",NULL,NULL,NULL,NULL,NULL,"utc+07:00",NULL,NULL,"30140"
"143881","216","54310","4","2","non sung",NULL,NULL,NULL,NULL,NULL,"utc+07:00",NULL,NULL,"30160"
"143882","216","54310","4","2","sung noen",NULL,NULL,NULL,NULL,NULL,"utc+07:00",NULL,NULL,"30170"
"143883","216","54310","4","2","prathai",NULL,NULL,NULL,NULL,NULL,"utc+07:00",NULL,NULL,"30180"
"143884","216","54310","4","2","chok chai",NULL,NULL,NULL,NULL,NULL,"utc+07:00",NULL,NULL,"30190"
"143885","216","54310","4","2","theparak",NULL,NULL,NULL,NULL,NULL,"utc+07:00",NULL,NULL,"30210"
"143886","216","54310","4","2","dan khun thot",NULL,NULL,NULL,NULL,NULL,"utc+07:00",NULL,NULL,"30210"
"143887","216","54310","4","2","non thai",NULL,NULL,NULL,NULL,NULL,"utc+07:00",NULL,NULL,"30220"
"143888","216","54310","4","2","phra thomgkom",NULL,NULL,NULL,NULL,NULL,"utc+07:00",NULL,NULL,"30220"
"143889","216","54310","4","2","chakkarat",NULL,NULL,NULL,NULL,NULL,"utc+07:00",NULL,NULL,"30230"
"143890","216","54310","4","2","huai thalaeng",NULL,NULL,NULL,NULL,NULL,"utc+07:00",NULL,NULL,"30240"
"143891","216","54310","4","2","khon buri",NULL,NULL,NULL,NULL,NULL,"utc+07:00",NULL,NULL,"30250"
"143892","216","54310","4","2","khong",NULL,NULL,NULL,NULL,NULL,"utc+07:00",NULL,NULL,"30260"
"143893","216","54310","4","2","chum phuang",NULL,NULL,NULL,NULL,NULL,"utc+07:00",NULL,NULL,"30270"
"143894","216","54310","4","2","lum thamenchai",NULL,NULL,NULL,NULL,NULL,"utc+07:00",NULL,NULL,"30270"
"143895","216","54310","4","2","muang yang",NULL,NULL,NULL,NULL,NULL,"utc+07:00",NULL,NULL,"30270"
"143896","216","54310","4","2","kham thale so",NULL,NULL,NULL,NULL,NULL,"utc+07:00",NULL,NULL,"30280"
"143897","216","54310","4","2","kham sakae saeng",NULL,NULL,NULL,NULL,NULL,"utc+07:00",NULL,NULL,"30290"
"143898","216","54310","4","2","soeng sang",NULL,NULL,NULL,NULL,NULL,"utc+07:00",NULL,NULL,"30330"
"143899","216","54310","4","2","ban luam",NULL,NULL,NULL,NULL,NULL,"utc+07:00",NULL,NULL,"30350"
"143900","216","54310","4","2","non daeng",NULL,NULL,NULL,NULL,NULL,"utc+07:00",NULL,NULL,"30360"
"143901","216","54310","4","2","wang nam khyo",NULL,NULL,NULL,NULL,NULL,"utc+07:00",NULL,NULL,"30370"
"143902","216","54310","4","2","nong bunnak",NULL,NULL,NULL,NULL,NULL,"utc+07:00",NULL,NULL,"30410"
"143903","216","54310","4","2","sida",NULL,NULL,NULL,NULL,NULL,"utc+07:00",NULL,NULL,"30430"
"143904","216","54310","4","2","kang sanam nang",NULL,NULL,NULL,NULL,NULL,"utc+07:00",NULL,NULL,"30440"
"143905","216","54310","4","2","pak thong chai",NULL,NULL,NULL,NULL,NULL,"utc+07:00",NULL,NULL,"30150"
"143906","216","58686","4","2","don moddang",NULL,NULL,NULL,NULL,NULL,"utc+07:00",NULL,NULL,"34000"
"143907","216","58686","4","2","muang ubon ratchathani",NULL,NULL,NULL,NULL,NULL,"utc+07:00",NULL,NULL,"34000"
"143908","216","58686","4","2","muang samsib",NULL,NULL,NULL,NULL,NULL,"utc+07:00",NULL,NULL,"34140"
"143909","216","58686","4","2","khuang nai",NULL,NULL,NULL,NULL,NULL,"utc+07:00",NULL,NULL,"34150"
"143910","216","58686","4","2","det udom",NULL,NULL,NULL,NULL,NULL,"utc+07:00",NULL,NULL,"34160"
"143911","216","58686","4","2","khemarat",NULL,NULL,NULL,NULL,NULL,"utc+07:00",NULL,NULL,"34170"
"143912","216","58686","4","2","khong chiam",NULL,NULL,NULL,NULL,NULL,"utc+07:00",NULL,NULL,"34220"
"143913","216","58686","4","2","buntharik",NULL,NULL,NULL,NULL,NULL,"utc+07:00",NULL,NULL,"34230"
"143914","216","58686","4","2","kut khaopun",NULL,NULL,NULL,NULL,NULL,"utc+07:00",NULL,NULL,"34270"
"143915","216","58686","4","2","na chaluai",NULL,NULL,NULL,NULL,NULL,"utc+07:00",NULL,NULL,"34280"
"143916","216","58480","4","2","muang yasothon",NULL,NULL,NULL,NULL,NULL,"utc+07:00",NULL,NULL,"35000"
"143917","216","58480","4","2","kham khuan kaeo",NULL,NULL,NULL,NULL,NULL,"utc+07:00",NULL,NULL,"35110"
"143918","216","58480","4","2","loeng nok tha",NULL,NULL,NULL,NULL,NULL,"utc+07:00",NULL,NULL,"35120"
"143919","216","58480","4","2","thai chaloen",NULL,NULL,NULL,NULL,NULL,"utc+07:00",NULL,NULL,"35120"
"143920","216","58480","4","2","maha chana chai",NULL,NULL,NULL,NULL,NULL,"utc+07:00",NULL,NULL,"35130"
"143921","216","58480","4","2","kud chum",NULL,NULL,NULL,NULL,NULL,"utc+07:00",NULL,NULL,"35140"
"143922","216","58480","4","2","pa tiu",NULL,NULL,NULL,NULL,NULL,"utc+07:00",NULL,NULL,"35150"
"143923","216","58480","4","2","kho wang",NULL,NULL,NULL,NULL,NULL,"utc+07:00",NULL,NULL,"35160"
"143924","216","58480","4","2","sai mun",NULL,NULL,NULL,NULL,NULL,"utc+07:00",NULL,NULL,"35170"
"143925","216","48128","4","2","phu khieo",NULL,NULL,NULL,NULL,NULL,"utc+07:00",NULL,NULL,"36110"
"143926","216","48128","4","2","muang chaiyaphum",NULL,NULL,NULL,NULL,NULL,"utc+07:00",NULL,NULL,"36000"
"143927","216","48128","4","2","kaset sombun",NULL,NULL,NULL,NULL,NULL,"utc+07:00",NULL,NULL,"36120"
"143928","216","48128","4","2","sub yai",NULL,NULL,NULL,NULL,NULL,"utc+07:00",NULL,NULL,"36130"
"143929","216","48128","4","2","chaturat",NULL,NULL,NULL,NULL,NULL,"utc+07:00",NULL,NULL,"36130"
"143930","216","48128","4","2","noen sa nga",NULL,NULL,NULL,NULL,NULL,"utc+07:00",NULL,NULL,"36130"
"143931","216","48128","4","2","khon sawan",NULL,NULL,NULL,NULL,NULL,"utc+07:00",NULL,NULL,"36140"
"143932","216","48128","4","2","kaeng khro",NULL,NULL,NULL,NULL,NULL,"utc+07:00",NULL,NULL,"36150"
"143933","216","48128","4","2","bamnet narong",NULL,NULL,NULL,NULL,NULL,"utc+07:00",NULL,NULL,"36160"
"143934","216","48128","4","2","ban khwao",NULL,NULL,NULL,NULL,NULL,"utc+07:00",NULL,NULL,"36170"
"143935","216","48128","4","2","khon san",NULL,NULL,NULL,NULL,NULL,"utc+07:00",NULL,NULL,"36180"
"143936","216","48128","4","2","ban thaen",NULL,NULL,NULL,NULL,NULL,"utc+07:00",NULL,NULL,"36190"
"143937","216","48128","4","2","nong bua daeng",NULL,NULL,NULL,NULL,NULL,"utc+07:00",NULL,NULL,"36210"
"143938","216","48128","4","2","thep satthit",NULL,NULL,NULL,NULL,NULL,"utc+07:00",NULL,NULL,"36230"
"143939","216","48128","4","2","nong bua rawe",NULL,NULL,NULL,NULL,NULL,"utc+07:00",NULL,NULL,"36250"
"143940","216","48128","4","2","phakdi chumpon",NULL,NULL,NULL,NULL,NULL,"utc+07:00",NULL,NULL,"36260"
"143941","216","46711","4","2","lua amnart",NULL,NULL,NULL,NULL,NULL,"utc+07:00",NULL,NULL,"37000"
"143942","216","46711","4","2","muang amnat charoen",NULL,NULL,NULL,NULL,NULL,"utc+07:00",NULL,NULL,"37000"
"143943","216","46711","4","2","phathumratvongsa",NULL,NULL,NULL,NULL,NULL,"utc+07:00",NULL,NULL,"37110"
"143944","216","46711","4","2","phana",NULL,NULL,NULL,NULL,NULL,"utc+07:00",NULL,NULL,"37180"
"143945","216","46711","4","2","chanunman",NULL,NULL,NULL,NULL,NULL,"utc+07:00",NULL,NULL,"37210"
"143946","216","46711","4","2","hua taphan",NULL,NULL,NULL,NULL,NULL,"utc+07:00",NULL,NULL,"37240"
"143947","216","46711","4","2","senangkhanikhorn",NULL,NULL,NULL,NULL,NULL,"utc+07:00",NULL,NULL,"37290"
"143948","216","50109","4","2","ban phai",NULL,NULL,NULL,NULL,NULL,"utc+07:00",NULL,NULL,"40110"
"143949","216","50109","4","2","muang khonkaen",NULL,NULL,NULL,NULL,NULL,"utc+07:00",NULL,NULL,"40000"
"143950","216","50109","4","2","non silla",NULL,NULL,NULL,NULL,NULL,"utc+07:00",NULL,NULL,"40110"
"143951","216","50109","4","2","ban had",NULL,NULL,NULL,NULL,NULL,"utc+07:00",NULL,NULL,"40110"
"143952","216","50109","4","2","phon",NULL,NULL,NULL,NULL,NULL,"utc+07:00",NULL,NULL,"40120"
"143953","216","50109","4","2","chum phae",NULL,NULL,NULL,NULL,NULL,"utc+07:00",NULL,NULL,"40130"
"143954","216","50109","4","2","nam phong",NULL,NULL,NULL,NULL,NULL,"utc+07:00",NULL,NULL,"40140"
"143955","216","50109","4","2","nong nakham",NULL,NULL,NULL,NULL,NULL,"utc+07:00",NULL,NULL,"40150"
"143956","216","50109","4","2","phu wiang",NULL,NULL,NULL,NULL,NULL,"utc+07:00",NULL,NULL,"40150"
"143957","216","50109","4","2","mancha khiri",NULL,NULL,NULL,NULL,NULL,"utc+07:00",NULL,NULL,"40160"
"143958","216","50109","4","2","khok phochai",NULL,NULL,NULL,NULL,NULL,"utc+07:00",NULL,NULL,"40160"
"143959","216","50109","4","2","kranuan",NULL,NULL,NULL,NULL,NULL,"utc+07:00",NULL,NULL,"40170"
"143960","216","50109","4","2","sum sung",NULL,NULL,NULL,NULL,NULL,"utc+07:00",NULL,NULL,"40170"
"143961","216","50109","4","2","chonnabot",NULL,NULL,NULL,NULL,NULL,"utc+07:00",NULL,NULL,"40180"
"143962","216","50109","4","2","nong song hong",NULL,NULL,NULL,NULL,NULL,"utc+07:00",NULL,NULL,"40190"
"143963","216","50109","4","2","nong rua",NULL,NULL,NULL,NULL,NULL,"utc+07:00",NULL,NULL,"40210"
"143964","216","50109","4","2","waeng noi",NULL,NULL,NULL,NULL,NULL,"utc+07:00",NULL,NULL,"40230"
"143965","216","50109","4","2","ubolratana",NULL,NULL,NULL,NULL,NULL,"utc+07:00",NULL,NULL,"40250"
"143966","216","50109","4","2","ban fang",NULL,NULL,NULL,NULL,NULL,"utc+07:00",NULL,NULL,"40270"
"143967","216","50109","4","2","khao suan kwang",NULL,NULL,NULL,NULL,NULL,"utc+07:00",NULL,NULL,"40280"
"143968","216","50109","4","2","phra yun",NULL,NULL,NULL,NULL,NULL,"utc+07:00",NULL,NULL,"40320"
"143969","216","50109","4","2","waeng yai",NULL,NULL,NULL,NULL,NULL,"utc+07:00",NULL,NULL,"40330"
"143970","216","50109","4","2","puai noi",NULL,NULL,NULL,NULL,NULL,"utc+07:00",NULL,NULL,"40340"
"143971","216","50109","4","2","phu pha man",NULL,NULL,NULL,NULL,NULL,"utc+07:00",NULL,NULL,"40350"
"143972","216","50109","4","2","si chomphu",NULL,NULL,NULL,NULL,NULL,"utc+07:00",NULL,NULL,"40220"
"143973","216","58875","4","2","ban phu",NULL,NULL,NULL,NULL,NULL,"utc+07:00",NULL,NULL,"41190"
"143974","216","58875","4","2","si that",NULL,NULL,NULL,NULL,NULL,"utc+07:00",NULL,NULL,"41230"
"143975","216","58875","4","2","muang udon thani",NULL,NULL,NULL,NULL,NULL,"utc+07:00",NULL,NULL,"41000"
"143976","216","58875","4","2","phrachuk siliakram",NULL,NULL,NULL,NULL,NULL,"utc+07:00",NULL,NULL,"41110"
"143977","216","58875","4","2","kumphawapi",NULL,NULL,NULL,NULL,NULL,"utc+07:00",NULL,NULL,"41110"
"143978","216","58875","4","2","pibun rak",NULL,NULL,NULL,NULL,NULL,"utc+07:00",NULL,NULL,"41130"
"143979","216","58875","4","2","ku khaew",NULL,NULL,NULL,NULL,NULL,"utc+07:00",NULL,NULL,"41130"
"143980","216","58875","4","2","nong han",NULL,NULL,NULL,NULL,NULL,"utc+07:00",NULL,NULL,"41130"
"143981","216","58875","4","2","phen",NULL,NULL,NULL,NULL,NULL,"utc+07:00",NULL,NULL,"41150"
"143982","216","58875","4","2","ban dung",NULL,NULL,NULL,NULL,NULL,"utc+07:00",NULL,NULL,"41190"
"143983","216","58875","4","2","nam som",NULL,NULL,NULL,NULL,NULL,"utc+07:00",NULL,NULL,"41210"
"143984","216","58875","4","2","nong wua so",NULL,NULL,NULL,NULL,NULL,"utc+07:00",NULL,NULL,"41220"
"143985","216","58875","4","2","non sa-at",NULL,NULL,NULL,NULL,NULL,"utc+07:00",NULL,NULL,"41240"
"143986","216","58875","4","2","kut chab",NULL,NULL,NULL,NULL,NULL,"utc+07:00",NULL,NULL,"41250"
"143987","216","58875","4","2","sang khom",NULL,NULL,NULL,NULL,NULL,"utc+07:00",NULL,NULL,"41260"
"143988","216","58875","4","2","chaiwan",NULL,NULL,NULL,NULL,NULL,"utc+07:00",NULL,NULL,"41290"
"143989","216","58875","4","2","thung fon",NULL,NULL,NULL,NULL,NULL,"utc+07:00",NULL,NULL,"41310"
"143990","216","58875","4","2","nong saeng",NULL,NULL,NULL,NULL,NULL,"utc+07:00",NULL,NULL,"41340"
"143991","216","58875","4","2","na yung",NULL,NULL,NULL,NULL,NULL,"utc+07:00",NULL,NULL,"41380"
"143992","216","58875","4","2","wang sam mo",NULL,NULL,NULL,NULL,NULL,"utc+07:00",NULL,NULL,"41380"
"143993","216","53588","4","2","chiang khan",NULL,NULL,NULL,NULL,NULL,"utc+07:00",NULL,NULL,"42110"
"143994","216","53588","4","2","erawan",NULL,NULL,NULL,NULL,NULL,"utc+07:00",NULL,NULL,"41220"
"143995","216","53588","4","2","muang loei",NULL,NULL,NULL,NULL,NULL,"utc+07:00",NULL,NULL,"42000"
"143996","216","53588","4","2","dan sai",NULL,NULL,NULL,NULL,NULL,"utc+07:00",NULL,NULL,"42120"
"143997","216","53588","4","2","wang saphung",NULL,NULL,NULL,NULL,NULL,"utc+07:00",NULL,NULL,"42130"
"143998","216","53588","4","2","tha li",NULL,NULL,NULL,NULL,NULL,"utc+07:00",NULL,NULL,"42140"
"143999","216","53588","4","2","pak chom",NULL,NULL,NULL,NULL,NULL,"utc+07:00",NULL,NULL,"42150"
"144000","216","53588","4","2","phu rua",NULL,NULL,NULL,NULL,NULL,"utc+07:00",NULL,NULL,"42160"
"144001","216","53588","4","2","na haeo",NULL,NULL,NULL,NULL,NULL,"utc+07:00",NULL,NULL,"42170"
"144002","216","53588","4","2","phu kradung",NULL,NULL,NULL,NULL,NULL,"utc+07:00",NULL,NULL,"42180"
"144003","216","53588","4","2","na duang",NULL,NULL,NULL,NULL,NULL,"utc+07:00",NULL,NULL,"42210"
"144004","216","53588","4","2","phu luang",NULL,NULL,NULL,NULL,NULL,"utc+07:00",NULL,NULL,"42230"
"144005","216","53588","4","2","pha khao",NULL,NULL,NULL,NULL,NULL,"utc+07:00",NULL,NULL,"42240"
"144006","216","53587","4","2","muang nong khai",NULL,NULL,NULL,NULL,NULL,"utc+07:00",NULL,NULL,"43000"
"144007","216","53587","4","2","sra khai",NULL,NULL,NULL,NULL,NULL,"utc+07:00",NULL,NULL,"43100"
"144008","216","53587","4","2","tha bo",NULL,NULL,NULL,NULL,NULL,"utc+07:00",NULL,NULL,"43110"
"144009","216","53587","4","2","rattana wapi",NULL,NULL,NULL,NULL,NULL,"utc+07:00",NULL,NULL,"43120"
"144010","216","53587","4","2","fao rai",NULL,NULL,NULL,NULL,NULL,"utc+07:00",NULL,NULL,"43120"
"144011","216","53587","4","2","phon phisai",NULL,NULL,NULL,NULL,NULL,"utc+07:00",NULL,NULL,"43120"
"144012","216","53587","4","2","si chiang mai",NULL,NULL,NULL,NULL,NULL,"utc+07:00",NULL,NULL,"43130"
"144013","216","53587","4","2","po tak",NULL,NULL,NULL,NULL,NULL,"utc+07:00",NULL,NULL,"43130"
"144014","216","53587","4","2","bung kan",NULL,NULL,NULL,NULL,NULL,"utc+07:00",NULL,NULL,"43140"
"144015","216","53587","4","2","bung kla",NULL,NULL,NULL,NULL,NULL,"utc+07:00",NULL,NULL,"43140"
"144016","216","53587","4","2","seka",NULL,NULL,NULL,NULL,NULL,"utc+07:00",NULL,NULL,"43150"
"144017","216","53587","4","2","sang khom",NULL,NULL,NULL,NULL,NULL,"utc+07:00",NULL,NULL,"43160"
"144018","216","53587","4","2","so phisai",NULL,NULL,NULL,NULL,NULL,"utc+07:00",NULL,NULL,"43170"
"144019","216","53587","4","2","phon charoen",NULL,NULL,NULL,NULL,NULL,"utc+07:00",NULL,NULL,"43180"
"144020","216","53587","4","2","pak khat",NULL,NULL,NULL,NULL,NULL,"utc+07:00",NULL,NULL,"43190"
"144021","216","53587","4","2","si wilai",NULL,NULL,NULL,NULL,NULL,"utc+07:00",NULL,NULL,"43210"
"144022","216","53587","4","2","bung khong long",NULL,NULL,NULL,NULL,NULL,"utc+07:00",NULL,NULL,"43220"
"144023","216","54021","4","2","chuan chum",NULL,NULL,NULL,NULL,NULL,"utc+07:00",NULL,NULL,"44160"
"144024","216","54021","4","2","muang maha sarakham",NULL,NULL,NULL,NULL,NULL,"utc+07:00",NULL,NULL,"44000"
"144025","216","54021","4","2","phayakkhaphum phisai",NULL,NULL,NULL,NULL,NULL,"utc+07:00",NULL,NULL,"44110"
"144026","216","54021","4","2","wapi pathum",NULL,NULL,NULL,NULL,NULL,"utc+07:00",NULL,NULL,"44120"
"144027","216","54021","4","2","borabu",NULL,NULL,NULL,NULL,NULL,"utc+07:00",NULL,NULL,"44130"
"144028","216","54021","4","2","kud rang",NULL,NULL,NULL,NULL,NULL,"utc+07:00",NULL,NULL,"44130"
"144029","216","54021","4","2","kosum phisai",NULL,NULL,NULL,NULL,NULL,"utc+07:00",NULL,NULL,"44140"
"144030","216","54021","4","2","kantharawichai",NULL,NULL,NULL,NULL,NULL,"utc+07:00",NULL,NULL,"44150"
"144031","216","54021","4","2","chiang yun",NULL,NULL,NULL,NULL,NULL,"utc+07:00",NULL,NULL,"44160"
"144032","216","54021","4","2","na chuak",NULL,NULL,NULL,NULL,NULL,"utc+07:00",NULL,NULL,"44170"
"144033","216","54021","4","2","na dun",NULL,NULL,NULL,NULL,NULL,"utc+07:00",NULL,NULL,"44180"
"144034","216","54021","4","2","kae dam",NULL,NULL,NULL,NULL,NULL,"utc+07:00",NULL,NULL,"44190"
"144035","216","54021","4","2","yang si surat",NULL,NULL,NULL,NULL,NULL,"utc+07:00",NULL,NULL,"44210"
"144036","216","54309","4","2","tung khaoluang",NULL,NULL,NULL,NULL,NULL,"utc+07:00",NULL,NULL,"45170"
"144037","216","54309","4","2","muang roi et",NULL,NULL,NULL,NULL,NULL,"utc+07:00",NULL,NULL,"45000"
"144038","216","54309","4","2","chiang khaw",NULL,NULL,NULL,NULL,NULL,"utc+07:00",NULL,NULL,"45000"
"144039","216","54309","4","2","chang han",NULL,NULL,NULL,NULL,NULL,"utc+07:00",NULL,NULL,"45000"
"144040","216","54309","4","2","sri somdet",NULL,NULL,NULL,NULL,NULL,"utc+07:00",NULL,NULL,"45000"
"144041","216","54309","4","2","phon thong",NULL,NULL,NULL,NULL,NULL,"utc+07:00",NULL,NULL,"45110"
"144042","216","54309","4","2","salaphum",NULL,NULL,NULL,NULL,NULL,"utc+07:00",NULL,NULL,"45120"
"144043","216","54309","4","2","suwannaphum",NULL,NULL,NULL,NULL,NULL,"utc+07:00",NULL,NULL,"45130"
"144044","216","54309","4","2","nong hi",NULL,NULL,NULL,NULL,NULL,"utc+07:00",NULL,NULL,"45140"
"144045","216","54309","4","2","phaanom phrai",NULL,NULL,NULL,NULL,NULL,"utc+07:00",NULL,NULL,"45140"
"144046","216","54309","4","2","kaset wisai",NULL,NULL,NULL,NULL,NULL,"utc+07:00",NULL,NULL,"45150"
"144047","216","54309","4","2","at samat",NULL,NULL,NULL,NULL,NULL,"utc+07:00",NULL,NULL,"45160"
"144048","216","54309","4","2","thawatchaburi",NULL,NULL,NULL,NULL,NULL,"utc+07:00",NULL,NULL,"45170"
"144049","216","54309","4","2","chaturaphak phiman",NULL,NULL,NULL,NULL,NULL,"utc+07:00",NULL,NULL,"45180"
"144050","216","54309","4","2","pathum rat",NULL,NULL,NULL,NULL,NULL,"utc+07:00",NULL,NULL,"45190"
"144051","216","54309","4","2","nong phok",NULL,NULL,NULL,NULL,NULL,"utc+07:00",NULL,NULL,"45210"
"144052","216","54309","4","2","muang suang",NULL,NULL,NULL,NULL,NULL,"utc+07:00",NULL,NULL,"45220"
"144053","216","54309","4","2","pho chai",NULL,NULL,NULL,NULL,NULL,"utc+07:00",NULL,NULL,"45230"
"144054","216","54309","4","2","phon sai",NULL,NULL,NULL,NULL,NULL,"utc+07:00",NULL,NULL,"45240"
"144055","216","54309","4","2","moeiyawadi",NULL,NULL,NULL,NULL,NULL,"utc+07:00",NULL,NULL,"45250"
"144056","216","49132","4","2","muang kalasin",NULL,NULL,NULL,NULL,NULL,"utc+07:00",NULL,NULL,"46000"
"144057","216","49132","4","2","donchan",NULL,NULL,NULL,NULL,NULL,"utc+07:00",NULL,NULL,"46000"
"144058","216","49132","4","2","kuchinarai",NULL,NULL,NULL,NULL,NULL,"utc+07:00",NULL,NULL,"46110"
"144059","216","49132","4","2","yang talat",NULL,NULL,NULL,NULL,NULL,"utc+07:00",NULL,NULL,"46120"
"144060","216","49132","4","2","kong chai",NULL,NULL,NULL,NULL,NULL,"utc+07:00",NULL,NULL,"46130"
"144061","216","49132","4","2","kamalasai",NULL,NULL,NULL,NULL,NULL,"utc+07:00",NULL,NULL,"46130"
"144062","216","49132","4","2","sahatsakhan",NULL,NULL,NULL,NULL,NULL,"utc+07:00",NULL,NULL,"46140"
"144063","216","49132","4","2","somdet",NULL,NULL,NULL,NULL,NULL,"utc+07:00",NULL,NULL,"46150"
"144064","216","49132","4","2","na ku",NULL,NULL,NULL,NULL,NULL,"utc+07:00",NULL,NULL,"46160"
"144065","216","49132","4","2","khao wong",NULL,NULL,NULL,NULL,NULL,"utc+07:00",NULL,NULL,"46160"
"144066","216","49132","4","2","huai mek",NULL,NULL,NULL,NULL,NULL,"utc+07:00",NULL,NULL,"46170"
"144067","216","49132","4","2","kham muang",NULL,NULL,NULL,NULL,NULL,"utc+07:00",NULL,NULL,"46180"
"144068","216","49132","4","2","tha khantho",NULL,NULL,NULL,NULL,NULL,"utc+07:00",NULL,NULL,"46190"
"144069","216","49132","4","2","rong kham",NULL,NULL,NULL,NULL,NULL,"utc+07:00",NULL,NULL,"46210"
"144070","216","49132","4","2","nong kung si",NULL,NULL,NULL,NULL,NULL,"utc+07:00",NULL,NULL,"46220"
"144071","216","49132","4","2","na mon",NULL,NULL,NULL,NULL,NULL,"utc+07:00",NULL,NULL,"46230"
"144072","216","49132","4","2","huai phung",NULL,NULL,NULL,NULL,NULL,"utc+07:00",NULL,NULL,"46240"
"144073","216","54020","4","2","muang sakon nakhon",NULL,NULL,NULL,NULL,NULL,"utc+07:00",NULL,NULL,"47000"
"144074","216","54020","4","2","sawang daen din",NULL,NULL,NULL,NULL,NULL,"utc+07:00",NULL,NULL,"47110"
"144075","216","54020","4","2","wanon niwat",NULL,NULL,NULL,NULL,NULL,"utc+07:00",NULL,NULL,"47120"
"144076","216","54020","4","2","phanna nikhom",NULL,NULL,NULL,NULL,NULL,"utc+07:00",NULL,NULL,"47130"
"144077","216","54020","4","2","ban muang",NULL,NULL,NULL,NULL,NULL,"utc+07:00",NULL,NULL,"47140"
"144078","216","54020","4","2","waritchaphum",NULL,NULL,NULL,NULL,NULL,"utc+07:00",NULL,NULL,"47150"
"144079","216","54020","4","2","phang khon",NULL,NULL,NULL,NULL,NULL,"utc+07:00",NULL,NULL,"47160"
"144080","216","54020","4","2","akat amnuai",NULL,NULL,NULL,NULL,NULL,"utc+07:00",NULL,NULL,"47170"
"144081","216","54020","4","2","kut bak",NULL,NULL,NULL,NULL,NULL,"utc+07:00",NULL,NULL,"47180"
"144082","216","54020","4","2","phu phan",NULL,NULL,NULL,NULL,NULL,"utc+07:00",NULL,NULL,"47180"
"144083","216","54020","4","2","song dao",NULL,NULL,NULL,NULL,NULL,"utc+07:00",NULL,NULL,"47190"
"144084","216","54020","4","2","kusuman",NULL,NULL,NULL,NULL,NULL,"utc+07:00",NULL,NULL,"47210"
"144085","216","54020","4","2","pon nakaew",NULL,NULL,NULL,NULL,NULL,"utc+07:00",NULL,NULL,"47230"
"144086","216","54020","4","2","kham ta kla",NULL,NULL,NULL,NULL,NULL,"utc+07:00",NULL,NULL,"47250"
"144087","216","54020","4","2","tao ngoi",NULL,NULL,NULL,NULL,NULL,"utc+07:00",NULL,NULL,"47260"
"144088","216","54020","4","2","nikhom nam un",NULL,NULL,NULL,NULL,NULL,"utc+07:00",NULL,NULL,"47270"
"144089","216","54020","4","2","khok si supan",NULL,NULL,NULL,NULL,NULL,"utc+07:00",NULL,NULL,"47280"
"144090","216","54020","4","2","charoensin",NULL,NULL,NULL,NULL,NULL,"utc+07:00",NULL,NULL,"47290"
"144091","216","58481","4","2","tha uthen",NULL,NULL,NULL,NULL,NULL,"utc+07:00",NULL,NULL,"48120"
"144092","216","58481","4","2","muang nakhon phanom",NULL,NULL,NULL,NULL,NULL,"utc+07:00",NULL,NULL,"48000"
"144093","216","58481","4","2","that phanom",NULL,NULL,NULL,NULL,NULL,"utc+07:00",NULL,NULL,"48110"
"144094","216","58481","4","2","tha songkhram",NULL,NULL,NULL,NULL,NULL,"utc+07:00",NULL,NULL,"48120"
"144095","216","58481","4","2","wang yang",NULL,NULL,NULL,NULL,NULL,"utc+07:00",NULL,NULL,"48130"
"144096","216","58481","4","2","na kae",NULL,NULL,NULL,NULL,NULL,"utc+07:00",NULL,NULL,"48130"
"144097","216","58481","4","2","ban phaeng",NULL,NULL,NULL,NULL,NULL,"utc+07:00",NULL,NULL,"48140"
"144098","216","58481","4","2","na thom",NULL,NULL,NULL,NULL,NULL,"utc+07:00",NULL,NULL,"48140"
"144099","216","58481","4","2","si songkhram",NULL,NULL,NULL,NULL,NULL,"utc+07:00",NULL,NULL,"48150"
"144100","216","58481","4","2","pla pak",NULL,NULL,NULL,NULL,NULL,"utc+07:00",NULL,NULL,"48160"
"144101","216","58481","4","2","renu nakhon",NULL,NULL,NULL,NULL,NULL,"utc+07:00",NULL,NULL,"48170"
"144102","216","58481","4","2","na wa",NULL,NULL,NULL,NULL,NULL,"utc+07:00",NULL,NULL,"48180"
"144103","216","58481","4","2","phon sawan",NULL,NULL,NULL,NULL,NULL,"utc+07:00",NULL,NULL,"48190"
"144104","216","58876","4","2","muang mukdahan",NULL,NULL,NULL,NULL,NULL,"utc+07:00",NULL,NULL,"49000"
"144105","216","58876","4","2","khamcha-i",NULL,NULL,NULL,NULL,NULL,"utc+07:00",NULL,NULL,"49110"
"144106","216","58876","4","2","don tan",NULL,NULL,NULL,NULL,NULL,"utc+07:00",NULL,NULL,"49120"
"144107","216","58876","4","2","nikhom kham soi",NULL,NULL,NULL,NULL,NULL,"utc+07:00",NULL,NULL,"49130"
"144108","216","58876","4","2","don luang",NULL,NULL,NULL,NULL,NULL,"utc+07:00",NULL,NULL,"49140"
"144109","216","58876","4","2","wan yai",NULL,NULL,NULL,NULL,NULL,"utc+07:00",NULL,NULL,"49150"
"144110","216","58876","4","2","nong sung",NULL,NULL,NULL,NULL,NULL,"utc+07:00",NULL,NULL,"49160"
"144111","216","48415","4","2","muang chiang mai",NULL,NULL,NULL,NULL,NULL,"utc+07:00",NULL,NULL,"50000"
"144112","216","48415","4","2","fang",NULL,NULL,NULL,NULL,NULL,"utc+07:00",NULL,NULL,"50110"
"144113","216","48415","4","2","mae on",NULL,NULL,NULL,NULL,NULL,"utc+07:00",NULL,NULL,"50130"
"144114","216","48415","4","2","san kamphaeng",NULL,NULL,NULL,NULL,NULL,"utc+07:00",NULL,NULL,"50130"
"144115","216","48415","4","2","saraphi",NULL,NULL,NULL,NULL,NULL,"utc+07:00",NULL,NULL,"50140"
"144116","216","48415","4","2","mae taeng",NULL,NULL,NULL,NULL,NULL,"utc+07:00",NULL,NULL,"50150"
"144117","216","48415","4","2","chom thong",NULL,NULL,NULL,NULL,NULL,"utc+07:00",NULL,NULL,"50160"
"144118","216","48415","4","2","doi lor",NULL,NULL,NULL,NULL,NULL,"utc+07:00",NULL,NULL,"50160"
"144119","216","48415","4","2","chiang dao",NULL,NULL,NULL,NULL,NULL,"utc+07:00",NULL,NULL,"50170"
"144120","216","48415","4","2","phrao",NULL,NULL,NULL,NULL,NULL,"utc+07:00",NULL,NULL,"50190"
"144121","216","48415","4","2","san sai",NULL,NULL,NULL,NULL,NULL,"utc+07:00",NULL,NULL,"50210"
"144122","216","48415","4","2","doi saket",NULL,NULL,NULL,NULL,NULL,"utc+07:00",NULL,NULL,"50220"
"144123","216","48415","4","2","hang dong",NULL,NULL,NULL,NULL,NULL,"utc+07:00",NULL,NULL,"50230"
"144124","216","48415","4","2","samoeng",NULL,NULL,NULL,NULL,NULL,"utc+07:00",NULL,NULL,"50250"
"144125","216","48415","4","2","doi tao",NULL,NULL,NULL,NULL,NULL,"utc+07:00",NULL,NULL,"50260"
"144126","216","48415","4","2","mae chaem",NULL,NULL,NULL,NULL,NULL,"utc+07:00",NULL,NULL,"50270"
"144127","216","48415","4","2","mae ai",NULL,NULL,NULL,NULL,NULL,"utc+07:00",NULL,NULL,"50280"
"144128","216","48415","4","2","omkoi",NULL,NULL,NULL,NULL,NULL,"utc+07:00",NULL,NULL,"50310"
"144129","216","48415","4","2","chai prakarn",NULL,NULL,NULL,NULL,NULL,"utc+07:00",NULL,NULL,"50320"
"144130","216","48415","4","2","weang hang",NULL,NULL,NULL,NULL,NULL,"utc+07:00",NULL,NULL,"50350"
"144131","216","48415","4","2","mae wang",NULL,NULL,NULL,NULL,NULL,"utc+07:00",NULL,NULL,"50360"
"144132","216","48415","4","2","san pa tong",NULL,NULL,NULL,NULL,NULL,"utc+07:00",NULL,NULL,"50120"
"144133","216","48415","4","2","mae rim",NULL,NULL,NULL,NULL,NULL,"utc+07:00",NULL,NULL,"50180"
"144134","216","48415","4","2","hot",NULL,NULL,NULL,NULL,NULL,"utc+07:00",NULL,NULL,"50240"
"144135","216","51610","4","2","li",NULL,NULL,NULL,NULL,NULL,"utc+07:00",NULL,NULL,"51110"
"144136","216","51610","4","2","muang lamphun",NULL,NULL,NULL,NULL,NULL,"utc+07:00",NULL,NULL,"51000"
"144137","216","51610","4","2","pa sang",NULL,NULL,NULL,NULL,NULL,"utc+07:00",NULL,NULL,"51120"
"144138","216","51610","4","2","wiang nonglong",NULL,NULL,NULL,NULL,NULL,"utc+07:00",NULL,NULL,"51120"
"144139","216","51610","4","2","ban hong",NULL,NULL,NULL,NULL,NULL,"utc+07:00",NULL,NULL,"51130"
"144140","216","51610","4","2","mae tha",NULL,NULL,NULL,NULL,NULL,"utc+07:00",NULL,NULL,"51140"
"144141","216","51610","4","2","thung hua chang",NULL,NULL,NULL,NULL,NULL,"utc+07:00",NULL,NULL,"51160"
"144142","216","51610","4","2","ban thi",NULL,NULL,NULL,NULL,NULL,"utc+07:00",NULL,NULL,"51180"
"144143","216","51838","4","2","muang lampang",NULL,NULL,NULL,NULL,NULL,"utc+07:00",NULL,NULL,"52000"
"144144","216","51838","4","2","ngao",NULL,NULL,NULL,NULL,NULL,"utc+07:00",NULL,NULL,"52110"
"144145","216","51838","4","2","ko kha",NULL,NULL,NULL,NULL,NULL,"utc+07:00",NULL,NULL,"52130"
"144146","216","51838","4","2","wang nua",NULL,NULL,NULL,NULL,NULL,"utc+07:00",NULL,NULL,"52140"
"144147","216","51838","4","2","mae tha",NULL,NULL,NULL,NULL,NULL,"utc+07:00",NULL,NULL,"52150"
"144148","216","51838","4","2","thoen",NULL,NULL,NULL,NULL,NULL,"utc+07:00",NULL,NULL,"52160"
"144149","216","51838","4","2","sop prap",NULL,NULL,NULL,NULL,NULL,"utc+07:00",NULL,NULL,"52170"
"144150","216","51838","4","2","mae phrik",NULL,NULL,NULL,NULL,NULL,"utc+07:00",NULL,NULL,"52180"
"144151","216","51838","4","2","hang chat",NULL,NULL,NULL,NULL,NULL,"utc+07:00",NULL,NULL,"52190"
"144152","216","51838","4","2","soem ngam",NULL,NULL,NULL,NULL,NULL,"utc+07:00",NULL,NULL,"52210"
"144153","216","51838","4","2","muang pan",NULL,NULL,NULL,NULL,NULL,"utc+07:00",NULL,NULL,"52240"
"144154","216","51838","4","2","chae hom",NULL,NULL,NULL,NULL,NULL,"utc+07:00",NULL,NULL,"52120"
"144155","216","51838","4","2","mae mo",NULL,NULL,NULL,NULL,NULL,"utc+07:00",NULL,NULL,"52220"
"144156","216","52372","4","2","muang uttaradit",NULL,NULL,NULL,NULL,NULL,"utc+07:00",NULL,NULL,"53000"
"144157","216","52372","4","2","nam pat",NULL,NULL,NULL,NULL,NULL,"utc+07:00",NULL,NULL,"53110"
"144158","216","52372","4","2","phichai",NULL,NULL,NULL,NULL,NULL,"utc+07:00",NULL,NULL,"53120"
"144159","216","52372","4","2","laplae",NULL,NULL,NULL,NULL,NULL,"utc+07:00",NULL,NULL,"53130"
"144160","216","52372","4","2","tron",NULL,NULL,NULL,NULL,NULL,"utc+07:00",NULL,NULL,"53140"
"144161","216","52372","4","2","tha pla",NULL,NULL,NULL,NULL,NULL,"utc+07:00",NULL,NULL,"53150"
"144162","216","52372","4","2","fak tha",NULL,NULL,NULL,NULL,NULL,"utc+07:00",NULL,NULL,"53160"
"144163","216","52372","4","2","ban khok",NULL,NULL,NULL,NULL,NULL,"utc+07:00",NULL,NULL,"53180"
"144164","216","52372","4","2","tong saen khan",NULL,NULL,NULL,NULL,NULL,"utc+07:00",NULL,NULL,"53230"
"144165","216","51839","4","2","long",NULL,NULL,NULL,NULL,NULL,"utc+07:00",NULL,NULL,"54150"
"144166","216","51839","4","2","muang phrae",NULL,NULL,NULL,NULL,NULL,"utc+07:00",NULL,NULL,"54000"
"144167","216","51839","4","2","song",NULL,NULL,NULL,NULL,NULL,"utc+07:00",NULL,NULL,"54120"
"144168","216","51839","4","2","sung men",NULL,NULL,NULL,NULL,NULL,"utc+07:00",NULL,NULL,"54130"
"144169","216","51839","4","2","rong kwang",NULL,NULL,NULL,NULL,NULL,"utc+07:00",NULL,NULL,"54140"
"144170","216","51839","4","2","den chai",NULL,NULL,NULL,NULL,NULL,"utc+07:00",NULL,NULL,"54140"
"144171","216","51839","4","2","wang chin",NULL,NULL,NULL,NULL,NULL,"utc+07:00",NULL,NULL,"54160"
"144172","216","51839","4","2","nong muangkhai",NULL,NULL,NULL,NULL,NULL,"utc+07:00",NULL,NULL,"54170"
"144173","216","51609","4","2","santisuk",NULL,NULL,NULL,NULL,NULL,"utc+07:00",NULL,NULL,"55000"
"144174","216","51609","4","2","phu piang",NULL,NULL,NULL,NULL,NULL,"utc+07:00",NULL,NULL,"55000"
"144175","216","51609","4","2","muang nan",NULL,NULL,NULL,NULL,NULL,"utc+07:00",NULL,NULL,"55000"
"144176","216","51609","4","2","wiang sa",NULL,NULL,NULL,NULL,NULL,"utc+07:00",NULL,NULL,"55110"
"144177","216","51609","4","2","pua",NULL,NULL,NULL,NULL,NULL,"utc+07:00",NULL,NULL,"55120"
"144178","216","51609","4","2","chaloem phrakiat",NULL,NULL,NULL,NULL,NULL,"utc+07:00",NULL,NULL,"55130"
"144179","216","51609","4","2","thung chang",NULL,NULL,NULL,NULL,NULL,"utc+07:00",NULL,NULL,"55130"
"144180","216","51609","4","2","tha wang pha",NULL,NULL,NULL,NULL,NULL,"utc+07:00",NULL,NULL,"55140"
"144181","216","51609","4","2","na noi",NULL,NULL,NULL,NULL,NULL,"utc+07:00",NULL,NULL,"55150"
"144182","216","51609","4","2","chiang klang",NULL,NULL,NULL,NULL,NULL,"utc+07:00",NULL,NULL,"55160"
"144183","216","51609","4","2","song khaew",NULL,NULL,NULL,NULL,NULL,"utc+07:00",NULL,NULL,"55160"
"144184","216","51609","4","2","mae charim",NULL,NULL,NULL,NULL,NULL,"utc+07:00",NULL,NULL,"55170"
"144185","216","51609","4","2","na mun",NULL,NULL,NULL,NULL,NULL,"utc+07:00",NULL,NULL,"55180"
"144186","216","51609","4","2","ban luang",NULL,NULL,NULL,NULL,NULL,"utc+07:00",NULL,NULL,"55190"
"144187","216","51609","4","2","bo klua",NULL,NULL,NULL,NULL,NULL,"utc+07:00",NULL,NULL,"55220"
"144188","216","55612","4","2","muang phayao",NULL,NULL,NULL,NULL,NULL,"utc+07:00",NULL,NULL,"56000"
"144189","216","55612","4","2","pu khamyaw",NULL,NULL,NULL,NULL,NULL,"utc+07:00",NULL,NULL,"56000"
"144190","216","55612","4","2","chiang kham",NULL,NULL,NULL,NULL,NULL,"utc+07:00",NULL,NULL,"56110"
"144191","216","55612","4","2","pu sang",NULL,NULL,NULL,NULL,NULL,"utc+07:00",NULL,NULL,"56110"
"144192","216","55612","4","2","dok kham tai",NULL,NULL,NULL,NULL,NULL,"utc+07:00",NULL,NULL,"56120"
"144193","216","55612","4","2","mae chai",NULL,NULL,NULL,NULL,NULL,"utc+07:00",NULL,NULL,"56130"
"144194","216","55612","4","2","pong",NULL,NULL,NULL,NULL,NULL,"utc+07:00",NULL,NULL,"56140"
"144195","216","55612","4","2","chun",NULL,NULL,NULL,NULL,NULL,"utc+07:00",NULL,NULL,"56150"
"144196","216","55612","4","2","chiacg muan",NULL,NULL,NULL,NULL,NULL,"utc+07:00",NULL,NULL,"56160"
"144197","216","48791","4","2","mae suai",NULL,NULL,NULL,NULL,NULL,"utc+07:00",NULL,NULL,"57180"
"144198","216","48791","4","2","wiang chiang rung",NULL,NULL,NULL,NULL,NULL,"utc+07:00",NULL,NULL,"57210"
"144199","216","48791","4","2","chiang saen",NULL,NULL,NULL,NULL,NULL,"utc+07:00",NULL,NULL,"57150"
"144200","216","48791","4","2","muang chiang rai",NULL,NULL,NULL,NULL,NULL,"utc+07:00",NULL,NULL,"57000"
"144201","216","48791","4","2","mae pha luang",NULL,NULL,NULL,NULL,NULL,"utc+07:00",NULL,NULL,"57110"
"144202","216","48791","4","2","doi luang",NULL,NULL,NULL,NULL,NULL,"utc+07:00",NULL,NULL,"57110"
"144203","216","48791","4","2","mae chan",NULL,NULL,NULL,NULL,NULL,"utc+07:00",NULL,NULL,"57110"
"144204","216","48791","4","2","phan",NULL,NULL,NULL,NULL,NULL,"utc+07:00",NULL,NULL,"57120"
"144205","216","48791","4","2","mae sai",NULL,NULL,NULL,NULL,NULL,"utc+07:00",NULL,NULL,"57130"
"144206","216","48791","4","2","chiang khong",NULL,NULL,NULL,NULL,NULL,"utc+07:00",NULL,NULL,"57140"
"144207","216","48791","4","2","thoeng",NULL,NULL,NULL,NULL,NULL,"utc+07:00",NULL,NULL,"57160"
"144208","216","48791","4","2","wiang pa pao",NULL,NULL,NULL,NULL,NULL,"utc+07:00",NULL,NULL,"57170"
"144209","216","48791","4","2","pa daet",NULL,NULL,NULL,NULL,NULL,"utc+07:00",NULL,NULL,"57190"
"144210","216","48791","4","2","wiang chai",NULL,NULL,NULL,NULL,NULL,"utc+07:00",NULL,NULL,"57210"
"144211","216","48791","4","2","phaya mengrai",NULL,NULL,NULL,NULL,NULL,"utc+07:00",NULL,NULL,"57290"
"144212","216","48791","4","2","wiang kaen",NULL,NULL,NULL,NULL,NULL,"utc+07:00",NULL,NULL,"57310"
"144213","216","48791","4","2","khun tan",NULL,NULL,NULL,NULL,NULL,"utc+07:00",NULL,NULL,"57340"
"144214","216","48791","4","2","mae lao",NULL,NULL,NULL,NULL,NULL,"utc+07:00",NULL,NULL,"57250"
"144215","216","51199","4","2","pai",NULL,NULL,NULL,NULL,NULL,"utc+07:00",NULL,NULL,"58130"
"144216","216","51199","4","2","muang mae hong son",NULL,NULL,NULL,NULL,NULL,"utc+07:00",NULL,NULL,"58000"
"144217","216","51199","4","2","mae sariang",NULL,NULL,NULL,NULL,NULL,"utc+07:00",NULL,NULL,"58110"
"144218","216","51199","4","2","sop moei",NULL,NULL,NULL,NULL,NULL,"utc+07:00",NULL,NULL,"58110"
"144219","216","51199","4","2","mae la noi",NULL,NULL,NULL,NULL,NULL,"utc+07:00",NULL,NULL,"58120"
"144220","216","51199","4","2","khun yuam",NULL,NULL,NULL,NULL,NULL,"utc+07:00",NULL,NULL,"58140"
"144221","216","51199","4","2","pang mapha",NULL,NULL,NULL,NULL,NULL,"utc+07:00",NULL,NULL,"58150"
"144222","216","52846","4","2","mae wong",NULL,NULL,NULL,NULL,NULL,"utc+07:00",NULL,NULL,"60150"
"144223","216","52846","4","2","mae poen",NULL,NULL,NULL,NULL,NULL,"utc+07:00",NULL,NULL,"60150"
"144224","216","52846","4","2","muang nakhon sawan",NULL,NULL,NULL,NULL,NULL,"utc+07:00",NULL,NULL,"60000"
"144225","216","52846","4","2","nong bua",NULL,NULL,NULL,NULL,NULL,"utc+07:00",NULL,NULL,"60110"
"144226","216","52846","4","2","chumsaeng",NULL,NULL,NULL,NULL,NULL,"utc+07:00",NULL,NULL,"60120"
"144227","216","52846","4","2","phayuha khiri",NULL,NULL,NULL,NULL,NULL,"utc+07:00",NULL,NULL,"60130"
"144228","216","52846","4","2","takhli",NULL,NULL,NULL,NULL,NULL,"utc+07:00",NULL,NULL,"60140"
"144229","216","52846","4","2","lat yao",NULL,NULL,NULL,NULL,NULL,"utc+07:00",NULL,NULL,"60150"
"144230","216","52846","4","2","chum tabong",NULL,NULL,NULL,NULL,NULL,"utc+07:00",NULL,NULL,"60150"
"144231","216","52846","4","2","tha tako",NULL,NULL,NULL,NULL,NULL,"utc+07:00",NULL,NULL,"60160"
"144232","216","52846","4","2","krok phra",NULL,NULL,NULL,NULL,NULL,"utc+07:00",NULL,NULL,"60170"
"144233","216","52846","4","2","banphot phisai",NULL,NULL,NULL,NULL,NULL,"utc+07:00",NULL,NULL,"60180"
"144234","216","52846","4","2","tak fa",NULL,NULL,NULL,NULL,NULL,"utc+07:00",NULL,NULL,"60190"
"144235","216","52846","4","2","phaisali",NULL,NULL,NULL,NULL,NULL,"utc+07:00",NULL,NULL,"60220"
"144236","216","52846","4","2","kao lieo",NULL,NULL,NULL,NULL,NULL,"utc+07:00",NULL,NULL,"60230"
"144237","216","52845","4","2","muang uthai thani",NULL,NULL,NULL,NULL,NULL,"utc+07:00",NULL,NULL,"61000"
"144238","216","52845","4","2","nong chang",NULL,NULL,NULL,NULL,NULL,"utc+07:00",NULL,NULL,"61110"
"144239","216","52845","4","2","thap than",NULL,NULL,NULL,NULL,NULL,"utc+07:00",NULL,NULL,"61120"
"144240","216","52845","4","2","nong khayang",NULL,NULL,NULL,NULL,NULL,"utc+07:00",NULL,NULL,"61130"
"144241","216","52845","4","2","ban rai",NULL,NULL,NULL,NULL,NULL,"utc+07:00",NULL,NULL,"61140"
"144242","216","52845","4","2","sawang arom",NULL,NULL,NULL,NULL,NULL,"utc+07:00",NULL,NULL,"61150"
"144243","216","52845","4","2","lan sak",NULL,NULL,NULL,NULL,NULL,"utc+07:00",NULL,NULL,"61160"
"144244","216","52845","4","2","huai khot",NULL,NULL,NULL,NULL,NULL,"utc+07:00",NULL,NULL,"61170"
"144245","216","49715","4","2","lan krabue",NULL,NULL,NULL,NULL,NULL,"utc+07:00",NULL,NULL,"62170"
"144246","216","49715","4","2","muang kamphaeng phet",NULL,NULL,NULL,NULL,NULL,"utc+07:00",NULL,NULL,"62000"
"144247","216","49715","4","2","phran kratai",NULL,NULL,NULL,NULL,NULL,"utc+07:00",NULL,NULL,"62110"
"144248","216","49715","4","2","pangslila thong",NULL,NULL,NULL,NULL,NULL,"utc+07:00",NULL,NULL,"62120"
"144249","216","49715","4","2","khlong khlung",NULL,NULL,NULL,NULL,NULL,"utc+07:00",NULL,NULL,"62120"
"144250","216","49715","4","2","khanu woralaksaburi",NULL,NULL,NULL,NULL,NULL,"utc+07:00",NULL,NULL,"62130"
"144251","216","49715","4","2","sai ngam",NULL,NULL,NULL,NULL,NULL,"utc+07:00",NULL,NULL,"62150"
"144252","216","49715","4","2","khosamphi nakhon",NULL,NULL,NULL,NULL,NULL,"utc+07:00",NULL,NULL,"62170"
"144253","216","49715","4","2","khlong lan",NULL,NULL,NULL,NULL,NULL,"utc+07:00",NULL,NULL,"62180"
"144254","216","49715","4","2","saithong wattana",NULL,NULL,NULL,NULL,NULL,"utc+07:00",NULL,NULL,"62190"
"144255","216","49715","4","2","bung samakki",NULL,NULL,NULL,NULL,NULL,"utc+07:00",NULL,NULL,"62210"
"144256","216","52072","4","2","mae sot",NULL,NULL,NULL,NULL,NULL,"utc+07:00",NULL,NULL,"63110"
"144257","216","52072","4","2","wang chaw",NULL,NULL,NULL,NULL,NULL,"utc+07:00",NULL,NULL,"63000"
"144258","216","52072","4","2","muang tak",NULL,NULL,NULL,NULL,NULL,"utc+07:00",NULL,NULL,"63000"
"144259","216","52072","4","2","ban tak",NULL,NULL,NULL,NULL,NULL,"utc+07:00",NULL,NULL,"63120"
"144260","216","52072","4","2","sam ngao",NULL,NULL,NULL,NULL,NULL,"utc+07:00",NULL,NULL,"63130"
"144261","216","52072","4","2","mae ramat",NULL,NULL,NULL,NULL,NULL,"utc+07:00",NULL,NULL,"63140"
"144262","216","52072","4","2","tha song yang",NULL,NULL,NULL,NULL,NULL,"utc+07:00",NULL,NULL,"63150"
"144263","216","52072","4","2","phob phra",NULL,NULL,NULL,NULL,NULL,"utc+07:00",NULL,NULL,"63160"
"144264","216","52072","4","2","umphang",NULL,NULL,NULL,NULL,NULL,"utc+07:00",NULL,NULL,"63170"
"144265","216","52073","4","2","muang sukhothai",NULL,NULL,NULL,NULL,NULL,"utc+07:00",NULL,NULL,"64000"
"144266","216","52073","4","2","sawankhalok",NULL,NULL,NULL,NULL,NULL,"utc+07:00",NULL,NULL,"64110"
"144267","216","52073","4","2","si samrong",NULL,NULL,NULL,NULL,NULL,"utc+07:00",NULL,NULL,"64120"
"144268","216","52073","4","2","si satchanalai",NULL,NULL,NULL,NULL,NULL,"utc+07:00",NULL,NULL,"64130"
"144269","216","52073","4","2","ban dan lan hoi",NULL,NULL,NULL,NULL,NULL,"utc+07:00",NULL,NULL,"64140"
"144270","216","52073","4","2","thung saliam",NULL,NULL,NULL,NULL,NULL,"utc+07:00",NULL,NULL,"64150"
"144271","216","52073","4","2","khiri mat",NULL,NULL,NULL,NULL,NULL,"utc+07:00",NULL,NULL,"64160"
"144272","216","52073","4","2","kong krailat",NULL,NULL,NULL,NULL,NULL,"utc+07:00",NULL,NULL,"64170"
"144273","216","52073","4","2","si nakhon",NULL,NULL,NULL,NULL,NULL,"utc+07:00",NULL,NULL,"64180"
"144274","216","52373","4","2","muang phitsanulok",NULL,NULL,NULL,NULL,NULL,"utc+07:00",NULL,NULL,"65000"
"144275","216","52373","4","2","bang krathum",NULL,NULL,NULL,NULL,NULL,"utc+07:00",NULL,NULL,"65110"
"144276","216","52373","4","2","nakhon thai",NULL,NULL,NULL,NULL,NULL,"utc+07:00",NULL,NULL,"65120"
"144277","216","52373","4","2","wang thong",NULL,NULL,NULL,NULL,NULL,"utc+07:00",NULL,NULL,"65130"
"144278","216","52373","4","2","bang rakam",NULL,NULL,NULL,NULL,NULL,"utc+07:00",NULL,NULL,"65140"
"144279","216","52373","4","2","phrom phiram",NULL,NULL,NULL,NULL,NULL,"utc+07:00",NULL,NULL,"65150"
"144280","216","52373","4","2","wat bot",NULL,NULL,NULL,NULL,NULL,"utc+07:00",NULL,NULL,"65160"
"144281","216","52373","4","2","chat trakan",NULL,NULL,NULL,NULL,NULL,"utc+07:00",NULL,NULL,"65170"
"144282","216","52373","4","2","noen maprang",NULL,NULL,NULL,NULL,NULL,"utc+07:00",NULL,NULL,"65190"
"144283","216","52597","4","2","muang phichit",NULL,NULL,NULL,NULL,NULL,"utc+07:00",NULL,NULL,"66000"
"144284","216","52597","4","2","taphan hin",NULL,NULL,NULL,NULL,NULL,"utc+07:00",NULL,NULL,"66110"
"144285","216","52597","4","2","bang mun nak",NULL,NULL,NULL,NULL,NULL,"utc+07:00",NULL,NULL,"66120"
"144286","216","52597","4","2","bung norong",NULL,NULL,NULL,NULL,NULL,"utc+07:00",NULL,NULL,"66130"
"144287","216","52597","4","2","pho thale",NULL,NULL,NULL,NULL,NULL,"utc+07:00",NULL,NULL,"66130"
"144288","216","52597","4","2","wachirabarami",NULL,NULL,NULL,NULL,NULL,"utc+07:00",NULL,NULL,"66140"
"144289","216","52597","4","2","sam ngam",NULL,NULL,NULL,NULL,NULL,"utc+07:00",NULL,NULL,"66140"
"144290","216","52597","4","2","tab khlo",NULL,NULL,NULL,NULL,NULL,"utc+07:00",NULL,NULL,"66150"
"144291","216","52597","4","2","sak lek",NULL,NULL,NULL,NULL,NULL,"utc+07:00",NULL,NULL,"66160"
"144292","216","52597","4","2","wang sai phun",NULL,NULL,NULL,NULL,NULL,"utc+07:00",NULL,NULL,"66180"
"144293","216","52597","4","2","pho prathap chang",NULL,NULL,NULL,NULL,NULL,"utc+07:00",NULL,NULL,"66190"
"144294","216","52597","4","2","dong charoen",NULL,NULL,NULL,NULL,NULL,"utc+07:00",NULL,NULL,"66210"
"144295","216","56462","4","2","ban pong",NULL,NULL,NULL,NULL,NULL,"utc+07:00",NULL,NULL,"70110"
"144296","216","56462","4","2","photharam",NULL,NULL,NULL,NULL,NULL,"utc+07:00",NULL,NULL,"70120"
"144297","216","56462","4","2","damnoen saduak",NULL,NULL,NULL,NULL,NULL,"utc+07:00",NULL,NULL,"70130"
"144298","216","56462","4","2","pak tho",NULL,NULL,NULL,NULL,NULL,"utc+07:00",NULL,NULL,"70140"
"144299","216","56462","4","2","chom bung",NULL,NULL,NULL,NULL,NULL,"utc+07:00",NULL,NULL,"70150"
"144300","216","56462","4","2","bang phae",NULL,NULL,NULL,NULL,NULL,"utc+07:00",NULL,NULL,"70160"
"144301","216","56462","4","2","wat phleng",NULL,NULL,NULL,NULL,NULL,"utc+07:00",NULL,NULL,"70170"
"144302","216","56462","4","2","suan phung",NULL,NULL,NULL,NULL,NULL,"utc+07:00",NULL,NULL,"70180"
"144303","216","56462","4","2","ban ka",NULL,NULL,NULL,NULL,NULL,"utc+07:00",NULL,NULL,"70180"
"144304","216","56462","4","2","muang ratchaburi",NULL,NULL,NULL,NULL,NULL,"utc+07:00",NULL,NULL,"70000"
"144305","216","56715","4","2","muang nakhon pathom",NULL,NULL,NULL,NULL,NULL,"utc+07:00",NULL,NULL,"73000"
"144306","216","56715","4","2","sam phran",NULL,NULL,NULL,NULL,NULL,"utc+07:00",NULL,NULL,"73110"
"144307","216","56715","4","2","nakhon chaisi",NULL,NULL,NULL,NULL,NULL,"utc+07:00",NULL,NULL,"73120"
"144308","216","56715","4","2","bang len",NULL,NULL,NULL,NULL,NULL,"utc+07:00",NULL,NULL,"73130"
"144309","216","56715","4","2","khamphaeng saen",NULL,NULL,NULL,NULL,NULL,"utc+07:00",NULL,NULL,"73140"
"144310","216","56715","4","2","don tum",NULL,NULL,NULL,NULL,NULL,"utc+07:00",NULL,NULL,"73150"
"144311","216","56715","4","2","phutha monthon",NULL,NULL,NULL,NULL,NULL,"utc+07:00",NULL,NULL,"73170"
"144312","216","56877","4","2","muang samut sakhon",NULL,NULL,NULL,NULL,NULL,"utc+07:00",NULL,NULL,"74000"
"144313","216","56877","4","2","krathum baen",NULL,NULL,NULL,NULL,NULL,"utc+07:00",NULL,NULL,"74110"
"144314","216","56877","4","2","ban phaeo",NULL,NULL,NULL,NULL,NULL,"utc+07:00",NULL,NULL,"74120"
"144315","216","56716","4","2","muang samut songkhram",NULL,NULL,NULL,NULL,NULL,"utc+07:00",NULL,NULL,"75000"
"144316","216","56716","4","2","amphawa",NULL,NULL,NULL,NULL,NULL,"utc+07:00",NULL,NULL,"75110"
"144317","216","56716","4","2","bang khonthi",NULL,NULL,NULL,NULL,NULL,"utc+07:00",NULL,NULL,"75120"
"144318","216","52598","4","2","muang phetchabun",NULL,NULL,NULL,NULL,NULL,"utc+07:00",NULL,NULL,"67000"
"144319","216","52598","4","2","lom sak",NULL,NULL,NULL,NULL,NULL,"utc+07:00",NULL,NULL,"67110"
"144320","216","52598","4","2","lom kao",NULL,NULL,NULL,NULL,NULL,"utc+07:00",NULL,NULL,"67120"
"144321","216","52598","4","2","wichian buri",NULL,NULL,NULL,NULL,NULL,"utc+07:00",NULL,NULL,"67130"
"144322","216","52598","4","2","nong phai",NULL,NULL,NULL,NULL,NULL,"utc+07:00",NULL,NULL,"67140"
"144323","216","52598","4","2","chon daen",NULL,NULL,NULL,NULL,NULL,"utc+07:00",NULL,NULL,"67150"
"144324","216","52598","4","2","bung sam phan",NULL,NULL,NULL,NULL,NULL,"utc+07:00",NULL,NULL,"67160"
"144325","216","52598","4","2","si thep",NULL,NULL,NULL,NULL,NULL,"utc+07:00",NULL,NULL,"67170"
"144326","216","52598","4","2","wang pong",NULL,NULL,NULL,NULL,NULL,"utc+07:00",NULL,NULL,"67240"
"144327","216","52598","4","2","nam nao",NULL,NULL,NULL,NULL,NULL,"utc+07:00",NULL,NULL,"67260"
"144328","216","52598","4","2","khao kho",NULL,NULL,NULL,NULL,NULL,"utc+07:00",NULL,NULL,"67270"
"144329","216","56878","4","2","cha-am",NULL,NULL,NULL,NULL,NULL,"utc+07:00",NULL,NULL,"76120"
"144330","216","56878","4","2","muang phetchaburi",NULL,NULL,NULL,NULL,NULL,"utc+07:00",NULL,NULL,"76000"
"144331","216","56878","4","2","ban laem",NULL,NULL,NULL,NULL,NULL,"utc+07:00",NULL,NULL,"76110"
"144332","216","56878","4","2","tha yang",NULL,NULL,NULL,NULL,NULL,"utc+07:00",NULL,NULL,"76130"
"144333","216","56878","4","2","khao yoi",NULL,NULL,NULL,NULL,NULL,"utc+07:00",NULL,NULL,"76140"
"144334","216","56878","4","2","ban lat",NULL,NULL,NULL,NULL,NULL,"utc+07:00",NULL,NULL,"76150"
"144335","216","56878","4","2","nong ya plong",NULL,NULL,NULL,NULL,NULL,"utc+07:00",NULL,NULL,"76160"
"144336","216","56878","4","2","kang krachan",NULL,NULL,NULL,NULL,NULL,"utc+07:00",NULL,NULL,"76170"
"144337","216","50110","4","2","muang krabi",NULL,NULL,NULL,NULL,NULL,"utc+07:00",NULL,NULL,"81000"
"144338","216","50110","4","2","ko lanta",NULL,NULL,NULL,NULL,NULL,"utc+07:00",NULL,NULL,"81150"
"144339","216","50110","4","2","ao luk",NULL,NULL,NULL,NULL,NULL,"utc+07:00",NULL,NULL,"81110"
"144340","216","50110","4","2","lam thap",NULL,NULL,NULL,NULL,NULL,"utc+07:00",NULL,NULL,"81120"
"144341","216","50110","4","2","nua khlong",NULL,NULL,NULL,NULL,NULL,"utc+07:00",NULL,NULL,"81130"
"144342","216","50110","4","2","khao phanom",NULL,NULL,NULL,NULL,NULL,"utc+07:00",NULL,NULL,"81140"
"144343","216","50110","4","2","plai phraya",NULL,NULL,NULL,NULL,NULL,"utc+07:00",NULL,NULL,"81160"
"144344","216","50110","4","2","khlong thom",NULL,NULL,NULL,NULL,NULL,"utc+07:00",NULL,NULL,"81120"
"144345","216","57258","4","2","muang phang nga",NULL,NULL,NULL,NULL,NULL,"utc+07:00",NULL,NULL,"82000"
"144346","216","57258","4","2","takua pa",NULL,NULL,NULL,NULL,NULL,"utc+07:00",NULL,NULL,"82110"
"144347","216","57258","4","2","thai muang",NULL,NULL,NULL,NULL,NULL,"utc+07:00",NULL,NULL,"82120"
"144348","216","57258","4","2","takua thung",NULL,NULL,NULL,NULL,NULL,"utc+07:00",NULL,NULL,"82130"
"144349","216","57258","4","2","khura buri",NULL,NULL,NULL,NULL,NULL,"utc+07:00",NULL,NULL,"82150"
"144350","216","57258","4","2","kapong",NULL,NULL,NULL,NULL,NULL,"utc+07:00",NULL,NULL,"82170"
"144351","216","57258","4","2","thap put",NULL,NULL,NULL,NULL,NULL,"utc+07:00",NULL,NULL,"82180"
"144352","216","57258","4","2","koh yao",NULL,NULL,NULL,NULL,NULL,"utc+07:00",NULL,NULL,"82160"
"144353","216","57609","4","2","muang phuket",NULL,NULL,NULL,NULL,NULL,"utc+07:00",NULL,NULL,"83000"
"144354","216","57609","4","2","kathu",NULL,NULL,NULL,NULL,NULL,"utc+07:00",NULL,NULL,"83120"
"144355","216","57609","4","2","thalang",NULL,NULL,NULL,NULL,NULL,"utc+07:00",NULL,NULL,"83110"
"144356","216","57257","4","2","ko samui",NULL,NULL,NULL,NULL,NULL,"utc+07:00",NULL,NULL,"84140"
"144357","216","57257","4","2","muang surat thani",NULL,NULL,NULL,NULL,NULL,"utc+07:00",NULL,NULL,"84000"
"144358","216","57257","4","2","chaiya",NULL,NULL,NULL,NULL,NULL,"utc+07:00",NULL,NULL,"84110"
"144359","216","57257","4","2","ban na san",NULL,NULL,NULL,NULL,NULL,"utc+07:00",NULL,NULL,"84120"
"144360","216","57257","4","2","phunphin",NULL,NULL,NULL,NULL,NULL,"utc+07:00",NULL,NULL,"84130"
"144361","216","57257","4","2","tha chang",NULL,NULL,NULL,NULL,NULL,"utc+07:00",NULL,NULL,"84150"
"144362","216","57257","4","2","kanchanadit",NULL,NULL,NULL,NULL,NULL,"utc+07:00",NULL,NULL,"84160"
"144363","216","57257","4","2","tha chana",NULL,NULL,NULL,NULL,NULL,"utc+07:00",NULL,NULL,"84170"
"144364","216","57257","4","2","khiri ratthanikhom",NULL,NULL,NULL,NULL,NULL,"utc+07:00",NULL,NULL,"84180"
"144365","216","57257","4","2","wiphawadi",NULL,NULL,NULL,NULL,NULL,"utc+07:00",NULL,NULL,"84180"
"144366","216","57257","4","2","wiang sa",NULL,NULL,NULL,NULL,NULL,"utc+07:00",NULL,NULL,"84190"
"144367","216","57257","4","2","phrasaeng",NULL,NULL,NULL,NULL,NULL,"utc+07:00",NULL,NULL,"84210"
"144368","216","57257","4","2","chai buri",NULL,NULL,NULL,NULL,NULL,"utc+07:00",NULL,NULL,"84210"
"144369","216","57257","4","2","don sak",NULL,NULL,NULL,NULL,NULL,"utc+07:00",NULL,NULL,"84220"
"144370","216","57257","4","2","ban ta khun",NULL,NULL,NULL,NULL,NULL,"utc+07:00",NULL,NULL,"84230"
"144371","216","57257","4","2","ban na doem",NULL,NULL,NULL,NULL,NULL,"utc+07:00",NULL,NULL,"84240"
"144372","216","57257","4","2","khian sa",NULL,NULL,NULL,NULL,NULL,"utc+07:00",NULL,NULL,"84260"
"144373","216","57257","4","2","ko phangan",NULL,NULL,NULL,NULL,NULL,"utc+07:00",NULL,NULL,"84280"
"144374","216","57257","4","2","phanom",NULL,NULL,NULL,NULL,NULL,"utc+07:00",NULL,NULL,"84250"
"144375","216","57032","4","2","muang ranong",NULL,NULL,NULL,NULL,NULL,"utc+07:00",NULL,NULL,"85000"
"144376","216","57032","4","2","kra buri",NULL,NULL,NULL,NULL,NULL,"utc+07:00",NULL,NULL,"85110"
"144377","216","57032","4","2","kapoe",NULL,NULL,NULL,NULL,NULL,"utc+07:00",NULL,NULL,"85120"
"144378","216","57032","4","2","suk samran",NULL,NULL,NULL,NULL,NULL,"utc+07:00",NULL,NULL,"85120"
"144379","216","57032","4","2","la-un",NULL,NULL,NULL,NULL,NULL,"utc+07:00",NULL,NULL,"85130"
"144380","216","58017","4","2","hat yai",NULL,NULL,NULL,NULL,NULL,"utc+07:00",NULL,NULL,"90110"
"144381","216","58017","4","2","muang songkhla",NULL,NULL,NULL,NULL,NULL,"utc+07:00",NULL,NULL,"90000"
"144382","216","58017","4","2","bang klam",NULL,NULL,NULL,NULL,NULL,"utc+07:00",NULL,NULL,"90110"
"144383","216","58017","4","2","sa dao",NULL,NULL,NULL,NULL,NULL,"utc+07:00",NULL,NULL,"90120"
"144384","216","58017","4","2","chana",NULL,NULL,NULL,NULL,NULL,"utc+07:00",NULL,NULL,"90130"
"144385","216","58017","4","2","ranot",NULL,NULL,NULL,NULL,NULL,"utc+07:00",NULL,NULL,"90140"
"144386","216","58017","4","2","thepha",NULL,NULL,NULL,NULL,NULL,"utc+07:00",NULL,NULL,"90150"
"144387","216","58017","4","2","na thawi",NULL,NULL,NULL,NULL,NULL,"utc+07:00",NULL,NULL,"90160"
"144388","216","58017","4","2","rattapum",NULL,NULL,NULL,NULL,NULL,"utc+07:00",NULL,NULL,"90180"
"144389","216","58017","4","2","sating phra",NULL,NULL,NULL,NULL,NULL,"utc+07:00",NULL,NULL,"90190"
"144390","216","58017","4","2","kuan niang",NULL,NULL,NULL,NULL,NULL,"utc+07:00",NULL,NULL,"90220"
"144391","216","58017","4","2","khlong hoykhong",NULL,NULL,NULL,NULL,NULL,"utc+07:00",NULL,NULL,"90230"
"144392","216","58017","4","2","krasae sin",NULL,NULL,NULL,NULL,NULL,"utc+07:00",NULL,NULL,"90270"
"144393","216","58017","4","2","na mom",NULL,NULL,NULL,NULL,NULL,"utc+07:00",NULL,NULL,"90310"
"144394","216","58017","4","2","singha nakorn",NULL,NULL,NULL,NULL,NULL,"utc+07:00",NULL,NULL,"90330"
"144395","216","58017","4","2","sabayoi",NULL,NULL,NULL,NULL,NULL,"utc+07:00",NULL,NULL,"90210"
"144396","216","58016","4","2","muang satun",NULL,NULL,NULL,NULL,NULL,"utc+07:00",NULL,NULL,"91000"
"144397","216","58016","4","2","langu",NULL,NULL,NULL,NULL,NULL,"utc+07:00",NULL,NULL,"91110"
"144398","216","58016","4","2","thung wa",NULL,NULL,NULL,NULL,NULL,"utc+07:00",NULL,NULL,"91120"
"144399","216","58016","4","2","khuan ka long",NULL,NULL,NULL,NULL,NULL,"utc+07:00",NULL,NULL,"91130"
"144400","216","58016","4","2","manung",NULL,NULL,NULL,NULL,NULL,"utc+07:00",NULL,NULL,"91130"
"144401","216","58016","4","2","tha phae",NULL,NULL,NULL,NULL,NULL,"utc+07:00",NULL,NULL,"91150"
"144402","216","58016","4","2","khuan doan",NULL,NULL,NULL,NULL,NULL,"utc+07:00",NULL,NULL,"91160"
"144403","216","57795","4","2","muang trang",NULL,NULL,NULL,NULL,NULL,"utc+07:00",NULL,NULL,"92000"
"144404","216","57795","4","2","kantang",NULL,NULL,NULL,NULL,NULL,"utc+07:00",NULL,NULL,"92110"
"144405","216","57795","4","2","had samran",NULL,NULL,NULL,NULL,NULL,"utc+07:00",NULL,NULL,"92120"
"144406","216","57795","4","2","palian",NULL,NULL,NULL,NULL,NULL,"utc+07:00",NULL,NULL,"92120"
"144407","216","57795","4","2","huai yot",NULL,NULL,NULL,NULL,NULL,"utc+07:00",NULL,NULL,"92130"
"144408","216","57795","4","2","yan tak kao",NULL,NULL,NULL,NULL,NULL,"utc+07:00",NULL,NULL,"92140"
"144409","216","57795","4","2","sikao",NULL,NULL,NULL,NULL,NULL,"utc+07:00",NULL,NULL,"92150"
"144410","216","57795","4","2","rachada",NULL,NULL,NULL,NULL,NULL,"utc+07:00",NULL,NULL,"92160"
"144411","216","57795","4","2","na yong",NULL,NULL,NULL,NULL,NULL,"utc+07:00",NULL,NULL,"92170"
"144412","216","57795","4","2","wang wiset",NULL,NULL,NULL,NULL,NULL,"utc+07:00",NULL,NULL,"92220"
"144413","216","58298","4","2","sai buri",NULL,NULL,NULL,NULL,NULL,"utc+07:00",NULL,NULL,"94110"
"144414","216","58298","4","2","khok pho",NULL,NULL,NULL,NULL,NULL,"utc+07:00",NULL,NULL,"94120"
"144415","216","58298","4","2","panare",NULL,NULL,NULL,NULL,NULL,"utc+07:00",NULL,NULL,"94130"
"144416","216","58298","4","2","mayo",NULL,NULL,NULL,NULL,NULL,"utc+07:00",NULL,NULL,"94140"
"144417","216","58298","4","2","thung yan daeng",NULL,NULL,NULL,NULL,NULL,"utc+07:00",NULL,NULL,"94140"
"144418","216","58298","4","2","yaring",NULL,NULL,NULL,NULL,NULL,"utc+07:00",NULL,NULL,"94150"
"144419","216","58298","4","2","yarang",NULL,NULL,NULL,NULL,NULL,"utc+07:00",NULL,NULL,"94160"
"144420","216","58298","4","2","nong chik",NULL,NULL,NULL,NULL,NULL,"utc+07:00",NULL,NULL,"94170"
"144421","216","58298","4","2","mae lan",NULL,NULL,NULL,NULL,NULL,"utc+07:00",NULL,NULL,"94180"
"144422","216","58298","4","2","mai kaen",NULL,NULL,NULL,NULL,NULL,"utc+07:00",NULL,NULL,"94220"
"144423","216","58298","4","2","kpho",NULL,NULL,NULL,NULL,NULL,"utc+07:00",NULL,NULL,"94230"
"144424","216","58298","4","2","muang pattani",NULL,NULL,NULL,NULL,NULL,"utc+07:00",NULL,NULL,"94000"
"144425","216","58299","4","2","muang yala",NULL,NULL,NULL,NULL,NULL,"utc+07:00",NULL,NULL,"95000"
"144426","216","58299","4","2","raman",NULL,NULL,NULL,NULL,NULL,"utc+07:00",NULL,NULL,"95140"
"144427","216","58299","4","2","kung pinung",NULL,NULL,NULL,NULL,NULL,"utc+07:00",NULL,NULL,"95000"
"144428","216","58299","4","2","betong",NULL,NULL,NULL,NULL,NULL,"utc+07:00",NULL,NULL,"95110"
"144429","216","58299","4","2","yaha",NULL,NULL,NULL,NULL,NULL,"utc+07:00",NULL,NULL,"95120"
"144430","216","58299","4","2","ka bung",NULL,NULL,NULL,NULL,NULL,"utc+07:00",NULL,NULL,"95120"
"144431","216","58299","4","2","bannang sata",NULL,NULL,NULL,NULL,NULL,"utc+07:00",NULL,NULL,"95130"
"144432","216","58299","4","2","than to",NULL,NULL,NULL,NULL,NULL,"utc+07:00",NULL,NULL,"95150"
"144433","216","54893","4","2","muang narathiwat",NULL,NULL,NULL,NULL,NULL,"utc+07:00",NULL,NULL,"96000"
"144434","216","54893","4","2","tak bai",NULL,NULL,NULL,NULL,NULL,"utc+07:00",NULL,NULL,"96110"
"144435","216","54893","4","2","rangae",NULL,NULL,NULL,NULL,NULL,"utc+07:00",NULL,NULL,"96130"
"144436","216","54893","4","2","jao i rong",NULL,NULL,NULL,NULL,NULL,"utc+07:00",NULL,NULL,"96130"
"144437","216","54893","4","2","sungai padi",NULL,NULL,NULL,NULL,NULL,"utc+07:00",NULL,NULL,"96140"
"144438","216","54893","4","2","ruso",NULL,NULL,NULL,NULL,NULL,"utc+07:00",NULL,NULL,"96150"
"144439","216","54893","4","2","waeng",NULL,NULL,NULL,NULL,NULL,"utc+07:00",NULL,NULL,"96160"
"144440","216","54893","4","2","bacho",NULL,NULL,NULL,NULL,NULL,"utc+07:00",NULL,NULL,"96170"
"144441","216","54893","4","2","yi-ngo",NULL,NULL,NULL,NULL,NULL,"utc+07:00",NULL,NULL,"96180"
"144442","216","54893","4","2","sukhirin",NULL,NULL,NULL,NULL,NULL,"utc+07:00",NULL,NULL,"96190"
"144443","216","54893","4","2","si sakhon",NULL,NULL,NULL,NULL,NULL,"utc+07:00",NULL,NULL,"96210"
"144444","216","54893","4","2","chanae",NULL,NULL,NULL,NULL,NULL,"utc+07:00",NULL,NULL,"96220"
"144445","216","54893","4","2","sungai kolok",NULL,NULL,NULL,NULL,NULL,"utc+07:00",NULL,NULL,"96120"
